id;name;description;uuid;dashboard_nature;aws_bucket;file_name;status;created_on;updated_on;updated_by;created_by
1;line index Avon;Soap;Berkshire Cheese;Loan Product yellow;Lakes;Kids Taka;Loan plum envisioneer;2022-04-01T00:28:46;2022-04-01T03:59:02;next-generation SMS;mission-critical SCSI Outdoors
2;Account Tuna deposit;Steel;model calculating;Alley;e-commerce;Implementation Networked;invoice Ridge;2022-03-31T14:04:27;2022-03-31T13:44:43;orchid Plastic throughput;Bacon
3;Berkshire;Morocco primary Chicken;attitude-oriented Inlet 24;connect transmitter Vista;synergistic scale;Regional programming lavender;cross-media Exclusive;2022-04-01T05:35:14;2022-04-01T01:25:51;Lead;Sleek Lempira Borders
4;Granite group Account;cross-platform Soft;Latvia;Principal Fresh Rubber;Sports Engineer;dynamic;Rubber Wooden;2022-03-31T11:58:42;2022-03-31T09:28:50;best-of-breed Cambridgeshire RAM;payment
5;bandwidth;users Shoes navigating;clicks-and-mortar hack;Research Delaware;Litas;e-commerce application Union;bypassing;2022-04-01T02:11:14;2022-03-31T08:24:13;Proactive;Account EXE Bike
6;Director global Bedfordshire;orchid auxiliary;ubiquitous cutting-edge;User-friendly neural;Movies;white Rubber Zealand;withdrawal;2022-04-01T01:22:05;2022-03-31T20:33:36;parsing Berkshire payment;Taka web
7;Fork;Virginia Balanced;Planner Stream;Land;Borders;override program;Borders syndicate Generic;2022-03-31T19:20:13;2022-04-01T04:55:16;European Awesome;improvement value-added CSS
8;Plastic IB;relationships;Well;program Unbranded Tunnel;firewall New;Director;payment Groves;2022-03-31T17:09:38;2022-03-31T23:07:37;Small digital Steel;payment
9;Shirt;Metal;Checking firewall Fresh;Kids Gloves Delaware;reboot Account optical;streamline Bedfordshire;Cambridgeshire;2022-04-01T02:04:29;2022-03-31T21:16:57;action-items feed mobile;Ranch optimal
10;transmitting;digital calculating Fresh;Loti Ranch quantifying;Metal paradigms payment;schemas;ivory Polarised Ways;invoice;2022-04-01T02:29:16;2022-03-31T22:40:39;Estates content Lead;navigating SDD
