id;name;description;account_id;access_key;secret_key;region;vault_id;org_id;status;created_on;updated_on;updated_by;created_by
1;streamline Practical North;Station Granite;Pants;Berkshire initiatives Tennessee;Savings;Unbranded;Garden Response;3271;Account indexing Directives;2022-03-31T20:13:30;2022-03-31T12:12:08;Checking;azure Tunisian Open-architected
2;National Forward virtual;Sausages Courts deliverables;Beauty Plastic markets;bypass bluetooth PNG;Berkshire Account;Ecuador Gorgeous;Guernsey Jewelery Functionality;82658;Automotive;2022-03-31T21:17:42;2022-03-31T11:24:11;Checking;project
3;context-sensitive;Ergonomic Car;hacking;Soft Identity;(customarily Malawi Automotive;Colorado;SAS;28210;models SDR Automotive;2022-03-31T23:20:02;2022-03-31T22:31:01;Granite Director Grocery;Corporate
4;XML Cambridgeshire analyzer;Alaska Borders Indiana;Loan Kids Steel;azure fuchsia cross-platform;blue primary;toolset Accounts payment;Strategist;82345;quantify Corporate;2022-03-31T08:03:34;2022-03-31T11:04:42;Car strategic withdrawal;up
5;indexing;National payment Reactive;United deposit;Vietnam;Alaska Salad RAM;Kina Forward;back-end Lilangeni Forint;65429;ivory open-source;2022-04-01T02:06:29;2022-03-31T19:05:50;copying content-based Multi-layered;Jewelery Cambridgeshire
6;Sleek;Sleek Creative Administrator;Quality-focused Orchestrator;Soft Micronesia SSL;holistic secondary;wireless concept;calculate;89414;sensor function Alabama;2022-03-31T07:47:42;2022-04-01T05:04:41;Manager revolutionary Practical;markets expedite Shirt
7;Senegal mindshare;yellow Oval;Islands;New Rica product;interfaces cross-platform;program cross-platform;services Tasty Group;96247;Investment repurpose Fish;2022-03-31T07:04:30;2022-03-31T18:43:34;black aggregate Place;Ball invoice matrix
8;Implementation Administrator;Corporate Automated;Analyst Cotton;French Applications Steel;Yen;Director;bypassing;72734;Refined Car;2022-03-31T14:01:35;2022-04-01T02:48:28;Tanzanian;bleeding-edge Berkshire mobile
9;index;Streamlined;Illinois;monitor Savings Implementation;Operative ubiquitous Agent;JSON Centralized Spring;Cambridgeshire deposit protocol;98085;Sports;2022-03-31T18:41:30;2022-04-01T03:55:28;Bedfordshire;azure
10;Realigned Car Harbor;Mouse card;redundant;Kuwait SQL;Keyboard Internal;Oklahoma;Extended Total Dakota;78687;Networked;2022-03-31T17:56:43;2022-03-31T10:01:55;Human red ADP;Planner Soap
