id;description;status;created_on;updated_on;updated_by;created_by
1;Technician Small;Director New asymmetric;2022-04-07T10:39:54;2022-04-07T21:14:28;state;partnerships
2;deposit Track;Account;2022-04-07T22:50:47;2022-04-07T12:52:16;synthesize Sports Customer;Web Carolina
3;invoice Account Reactive;Computers plum;2022-04-07T08:45:51;2022-04-07T10:17:02;Man;Assistant primary open-source
4;Infrastructure;SMTP;2022-04-07T11:23:52;2022-04-07T13:55:06;azure Health;Dirham Officer
5;green;synthesize;2022-04-07T16:11:26;2022-04-07T14:42:49;Flat invoice;interface
6;Generic Frozen;Front-line Loan;2022-04-08T03:32:01;2022-04-07T22:48:15;quantify;Cambridgeshire
7;deposit Wisconsin;transmit;2022-04-08T04:16:16;2022-04-08T01:55:01;withdrawal Buckinghamshire Guyana;Salad
8;invoice;AGP Marketing;2022-04-07T13:09:47;2022-04-08T03:10:41;Peso Utah navigating;cyan
9;California leverage interactive;program XSS;2022-04-07T19:23:05;2022-04-07T15:17:59;Functionality;Tasty transmit driver
10;paradigm parsing EXE;markets Buckinghamshire;2022-04-07T21:24:57;2022-04-07T19:12:32;Account;iterate
