id;name;status;created_on;updated_on;updated_by;created_by
1;Track Jamaican Stand-alone;Account payment;2022-03-31T11:51:46;2022-03-31T19:36:37;plum Borders Branch;Forges Balboa Organized
2;Associate blue black;sensor efficient;2022-03-31T10:31:47;2022-04-01T04:39:30;Small Representative Pizza;Buckinghamshire
3;Sports digital Optimization;info-mediaries Lead Program;2022-03-31T10:48:54;2022-03-31T22:00:54;Jewelery algorithm Benin;Rubber
4;Supervisor;Steel application;2022-04-01T01:02:48;2022-03-31T22:35:59;Berkshire Investment;Djibouti Unbranded Kansas
5;plug-and-play generating e-enable;Awesome Account Interface;2022-04-01T04:53:02;2022-03-31T08:45:56;Account Garden USB;killer Practical
6;Division Interactions Washington;Executive back-end;2022-03-31T17:19:33;2022-03-31T14:34:22;violet next-generation Market;1080p
7;transmit;fuchsia;2022-04-01T03:53:07;2022-03-31T08:20:42;Gorgeous;IB
8;Response;SAS 1080p;2022-03-31T11:39:41;2022-04-01T05:20:33;back-end Ergonomic;Jewelery copy Credit
9;Cotton;Optimization calculate;2022-03-31T06:01:30;2022-03-31T07:37:07;Liaison Auto;Auto green back-end
10;Saint architectures;e-commerce;2022-03-31T22:30:27;2022-03-31T18:05:37;Books South;Electronics Jewelery sensor
