id;name;description;status;created_on;updated_on;updated_by;created_by
1;Steel;Assistant;cross-platform Principal;2022-04-08T00:04:05;2022-04-08T00:08:26;Chilean reboot Dynamic;Track actuating deposit
2;Soap withdrawal;Metical Incredible;Union compressing;2022-04-07T17:10:33;2022-04-08T01:12:55;green Malagasy;Lao
3;Australian;Business-focused;Rubber;2022-04-07T09:38:00;2022-04-07T23:27:26;throughput;Data distributed
4;auxiliary;COM Implementation Awesome;homogeneous Crossroad;2022-04-07T11:42:45;2022-04-08T04:12:53;Bike Shoes Center;tangible
5;Cheese Renminbi;Consultant online;project hacking efficient;2022-04-07T20:19:18;2022-04-07T13:14:17;Practical User-friendly Data;sticky Harbors Automotive
6;Checking system-worthy;Steel;full-range;2022-04-07T08:55:13;2022-04-07T13:36:36;Automotive;Operations Chicken
7;Usability multi-byte;Kids IB;Algeria Rustic;2022-04-08T03:13:28;2022-04-07T16:13:18;transitional;bypassing Chief interactive
8;online Home Vista;Sausages Tuna;system Practical;2022-04-08T04:19:45;2022-04-08T01:29:46;project bypassing;non-volatile Technician
9;convergence moratorium Stand-alone;transmit;pink Sausages;2022-04-08T00:21:14;2022-04-08T07:47:07;Loan;Small Congo Engineer
10;Account portals Berkshire;Wooden Concrete;Rwanda Account;2022-04-07T09:48:01;2022-04-08T02:02:46;Small adapter;Gloves
