id;cloud_type;account_id;access_key;secret_key;region;status;created_on;updated_on;updated_by;created_by
1;RSS;capacitor;aggregate navigating parsing;Soft Computer invoice;transitional Fresh index;matrix;2022-04-01T05:03:18;2022-03-31T17:52:56;calculating cross-platform;Moldova payment Village
2;bypassing;generating copy model;HTTP streamline Optimization;e-tailers;hard front-end;Central array;2022-03-31T17:19:34;2022-03-31T11:41:15;Shirt Toys;invoice
3;world-class Keyboard Avon;Reduced;cross-platform;Unbranded database;Quality India Communications;Fantastic THX digital;2022-03-31T16:40:21;2022-03-31T10:40:27;Glens;Table parsing
4;magnetic Intelligent multi-byte;user-centric navigating Synergized;Markets Fundamental;withdrawal Account Marketing;Pennsylvania XSS Drives;quantify override;2022-03-31T23:44:19;2022-03-31T15:55:05;auxiliary Sports;Generic
5;encryption;payment;Technician;Handmade SSL Producer;navigating Kansas calculate;Lilangeni Steel Account;2022-03-31T10:15:10;2022-03-31T17:46:08;Tuna Corporate Bulgaria;Granite
6;Fish digital;withdrawal Programmable;robust Facilitator;scale Account;digital Soap auxiliary;Kentucky Springs;2022-04-01T05:00:55;2022-04-01T00:40:21;Developer;Factors Fundamental standardization
7;Cordoba strategic;Wooden;seize;Applications Tunnel index;Massachusetts COM;Security Table Account;2022-03-31T17:35:34;2022-03-31T19:34:19;Gorgeous action-items Integration;Tuna Fantastic paradigm
8;paradigms generate;Internal;Frozen multi-byte;payment transmit;Panama Applications;Keyboard;2022-04-01T02:56:12;2022-03-31T08:17:12;Fantastic;Industrial
9;bypassing;Savings clicks-and-mortar;system Branding Ameliorated;functionalities Credit;Rubber Plaza navigating;Market;2022-03-31T23:44:23;2022-03-31T19:42:59;quantifying;Garden Cambridgeshire
10;Minnesota;Front-line approach Berkshire;drive Practical transmitting;Strategist generate;CSS;reinvent Movies Tactics;2022-03-31T17:35:55;2022-04-01T05:12:04;Ranch SMS purple;Compatible Sahara Baby
